customer_id,name,email,phone,preferred_language,region,account_status,support_tier
C001,Sarah Johnson,sarah.johnson@example.com,+14155550101,english,north_america,active,premium
C003,Jean Dubois,jean.dubois@example.com,+33199000103,french,france,active,premium
C005,Emily Chen,emily.chen@example.com,+14155550105,english,north_america,active,enterprise
C006,Sophie Martin,sophie.martin@example.com,+15145550106,french,canada,active,premium
C008,Michael Thompson,michael.thompson@example.com,+442079460108,english,uk,active,standard
C010,Pierre Leblanc,pierre.leblanc@example.com,+33465710110,french,france,active,standard
C011,Jennifer Davis,jennifer.davis@example.com,+14155550111,english,north_america,active,standard
C013,François Moreau,francois.moreau@example.com,+14185550113,french,canada,active,enterprise
C014,David Wilson,david.wilson@example.com,+14155550114,english,north_america,active,premium
